﻿<?xml version="1.0" encoding="utf-8" ?>
<ApplicationPackage SchemaVersion="1.0" Version="1.0" ProductCode="{F11EA57A-1E7E-4B6D-8E81-986B071E3E07}" Name="UpdateWindowParameters" Description="A sample package to update parameters of a Dyanmic blockreference" Author="Autodesk Forge">
  <CompanyDetails Name="Autodesk, Inc" Phone="12345678910" Url="www.autodesk.com" Email="forge.help@autodesk.com"/>
  <Components>
    <RuntimeRequirements OS="Win64" Platform="AutoCAD" SeriesMin="R23.0" SeriesMax="R23.0"/>
    <ComponentEntry AppName="UpdateWindowParameters" ModuleName="./Contents/UpdateDWGParam.dll" AppDescription="AutoCAD.IO .net App to update parameters of Dynamic blockreference in AutoCAD Drawing" LoadOnCommandInvocation="True" LoadOnAutoCADStartup="True">
      <Commands GroupName="FPDCommands">
        <Command Global="UpdateWindowParam" Local="UpdateWindowParam"/>
      </Commands>
    </ComponentEntry>
  </Components>
</ApplicationPackage>